{
    "AUROC": 0.6421487603305785,
    "AUPRC": 0.34667480551326646,
    "Precision@20": 0.4,
    "Recall@20": 0.36363636363636365,
    "F1@K": 0.38095238095238093,
    "EdgeDirectionAccuracy@K": 0.4,
    "ReconstructionError": 0.007478880695998669,
    "FuturePredictionError": 0.19521616399288177
}